cluster,customer_count,age,payment,state
0,94,50.212765957446805,3328.3829787234044,Queensland
1,285,49.55789473684211,828.8456140350877,Victoria
2,229,48.851528384279476,1880.0436681222707,South Australia
3,9,47.0,5797.888888888889,Australian Capital Territory
