cluster,total_segment_revenue,revenue_share
0,312868.0,30.32254312851328
1,236221.0,22.894068617949216
2,430530.0,41.72610971118434
3,52181.0,5.057278542353169
