unit_profitability,total_sold,total_revenue,avg_customer_age,gender_ratio,region_popularity,repeat_purchase_rate,avg_order_value,cluster
97.91622103386808,277.01247771836006,27080.347593582886,47.36904974110856,0.053813343519225745,4.09982174688057,0.00029708853238265493,183.55333729451377,1
113.45137157107237,280.8229426433915,31905.43142144638,49.921078485105916,0.09642646768581925,4.286783042394015,0.0033764794363298095,242.12179277497233,2
100.73039215686275,272.27941176470586,27390.156862745098,49.40180109922757,0.489521793565911,3.3872549019607843,0.00853386809269162,197.1738254392666,3
99.42884250474384,527.0000000000003,52398.999999999985,50.20812011371713,0.1478678038379531,4.074626865671642,-2.168404344971009e-18,190.0966240227434,4
