year_month,revenue,revenue_prev_month,growth_rate
2021-01,119333,,
2021-02,95080,119333.0,-20.323799787150243
2021-03,131364,95080.0,38.16154816996214
2021-04,97530,131364.0,-25.755914862519415
2021-05,85597,97530.0,-12.235209679073106
2021-06,101458,85597.0,18.52985501828335
2021-07,116081,101458.0,14.412860493997517
2021-08,104565,116081.0,-9.920658850285577
2021-09,96526,104565.0,-7.688040931478028
2021-10,84266,96526.0,-12.70124111638315
